tamañoMatriz,#procesos,user_time
500,2,0.489051000
675,2,1.304548000
911,2,2.953630000
1229,2,7.144677000
1658,2,17.319569000
500,2,0.491117000
675,2,1.224542000
911,2,2.983179000
1229,2,7.277583000
1658,2,17.313249000
500,2,0.495697000
675,2,1.245142000
911,2,2.991911000
1229,2,7.194400000
1658,2,17.312155000
500,2,0.596932000
675,2,1.268516000
911,2,2.992641000
1229,2,7.156220000
1658,2,17.369573000
