tamañoMatriz,#procesos,user_time
500,8,0.961402000
675,8,2.356671000
911,8,5.802558000
1229,8,13.959975000
1658,8,33.985335000
500,8,0.961467000
675,8,2.340278000
911,8,5.872083000
1229,8,13.914885000
1658,8,34.210506000
