tamañoMatriz,#procesos,user_time
500,4,0.957390000
675,4,2.328722000
911,4,5.812531000
1229,4,13.955486000
1658,4,33.769176000
500,4,0.960175000
675,4,2.344206000
911,4,5.841815000
1229,4,13.903712000
1658,4,33.804161000
500,4,0.891203000
675,4,2.341936000
911,4,5.817022000
1229,4,14.059767000
1658,4,33.925279000
500,4,0.953973000
675,4,2.338393000
911,4,5.833545000
1229,4,13.862580000
1658,4,33.954875000
