tamañoMatriz,#procesos,user_time
500,24,0.975922000
675,24,2.441743000
911,24,5.897552000
1229,24,14.395775000
1658,24,34.029816000
500,24,0.986364000
675,24,2.439612000
911,24,5.900986000
1229,24,14.437319000
1658,24,34.165401000
