tamañoMatriz,#procesos,user_time
1000,2,4.469897000
1000,4,7.701256000
