tamañoMatriz,#procesos,user_time
500,16,0.985125000
675,16,2.395239000
911,16,5.953844000
1229,16,13.914286000
1658,16,35.262566000
500,16,0.985024000
675,16,2.427082000
911,16,5.960540000
1229,16,13.959409000
1658,16,35.366835000
