N,real_time,user_cpu,sys_cpu,memory_kb
140000,0.239324,0.239113,0.000136,2596
