N,mpi_time,user_cpu,sys_cpu,memory_kb,comm_time
80000,0.892115,0.270281,0.317514,15984,0.872675
