N,real_time,user_cpu,sys_cpu,memory_kb
80000,0.136674,0.136666,0.000000,2148
