N,mpi_time,user_cpu,sys_cpu,memory_kb,comm_time
140000,1.087982,0.319491,0.385502,16084,1.048066
