matrix_size,num_threads,user_time
500,2,0.635585000
675,2,1.620140000
911,2,5.036527000
1229,2,14.021994000
1658,2,38.686544000
500,2,0.747362000
675,2,1.621445000
911,2,4.988436000
1229,2,11.032010000
1658,2,38.909879000
500,2,0.641219000
675,2,1.658549000
911,2,5.220307000
1229,2,11.193177000
1658,2,38.447131000
500,2,0.633909000
675,2,1.643643000
911,2,5.137204000
1229,2,11.136796000
1658,2,38.485415000
