matrix_size,num_threads,user_time
500,4,1.161171000
675,4,2.990765000
911,4,8.957549000
1229,4,23.018240000
1658,4,64.083485000
500,4,1.180164000
675,4,2.994927000
911,4,8.778807000
1229,4,23.617547000
1658,4,63.454093000
500,4,1.186484000
675,4,2.959822000
911,4,8.916401000
1229,4,23.823547000
1658,4,64.073480000
500,4,1.179198000
675,4,2.966240000
911,4,8.973504000
1229,4,23.439773000
1658,4,62.997227000
