matrix_size,num_threads,user_time
500,24,1.188322000
675,24,3.008289000
911,24,8.869356000
1229,24,24.715050000
1658,24,67.636025000
500,24,1.185078000
675,24,3.019219000
911,24,8.921281000
1229,24,24.887367000
1658,24,67.897563000
