matrix_size,num_threads,user_time
500,16,1.177081000
675,16,3.043848000
911,16,8.957042000
1229,16,24.641833000
1658,16,67.600645000
500,16,1.191242000
675,16,3.028054000
911,16,8.846054000
1229,16,24.445852000
1658,16,67.277447000
