matrix_size,num_threads,real_time
500,2,0.226422071
675,2,0.452528000
911,2,1.242680073
1229,2,2.625507116
1658,2,8.936890125
2239,2,28.329351902
3023,2,55.409367085
4081,2,125.923642874
