matrix_size,num_threads,user_time
500,8,1.168512000
675,8,2.954019000
911,8,8.785804000
1229,8,24.525071000
1658,8,65.110661000
500,8,1.174690000
675,8,3.053062000
911,8,8.800376000
1229,8,24.461025000
1658,8,64.982556000
