N,num_threads,pi_est,real_time
400000,12,3.140480000,0.018454075
600000,12,3.141973333,0.030365944
