N,num_threads,pi_est,real_time
400000,2,3.144570000,0.008080959
600000,2,3.143626667,0.019657135
