N,num_threads,pi_est,real_time
100000,10,3.135480000,0.000607967
