N,num_threads,pi_est,real_time
100000,12,3.137360000,0.000480890
200000,12,3.137800000,0.000915051
300000,12,3.139373333,0.001291990
100000,12,3.137360000,0.000499964
200000,12,3.137800000,0.000625134
300000,12,3.139373333,0.001117945
100000,12,3.137360000,0.000566006
200000,12,3.137800000,0.000531912
300000,12,3.139373333,0.000880003
