N,num_threads,pi_est,real_time
400000,4,3.142790000,0.010585070
600000,4,3.143706667,0.022957087
