N,num_threads,pi_est,real_time
400000,8,3.141570000,0.006711006
600000,8,3.139120000,0.018134117
