N,num_threads,pi_est,real_time
100000,4,3.139680000,0.000446081
200000,4,3.138520000,0.001705885
300000,4,3.136760000,0.000977039
100000,4,3.139680000,0.000432968
200000,4,3.138520000,0.000622988
300000,4,3.136760000,0.000951052
100000,4,3.139680000,0.000454903
200000,4,3.138520000,0.000641108
300000,4,3.136760000,0.001099110
10000,4,3.141600000,0.000216961
10000,4,3.152800000,0.000268221
100000,4,3.148680000,0.000952005
