N,num_threads,pi_est,real_time
100000,2,3.138800000,0.000658035
200000,2,3.137420000,0.001222849
300000,2,3.139346667,0.002206087
100000,2,3.138800000,0.000699997
200000,2,3.137420000,0.001123905
300000,2,3.139346667,0.001674891
100000,2,3.138800000,0.000844955
200000,2,3.137420000,0.001060009
300000,2,3.139346667,0.001842022
