N,num_threads,pi_est,real_time
100000,8,3.144840000,0.000447035
200000,8,3.142680000,0.001294851
300000,8,3.140213333,0.000706911
100000,8,3.144840000,0.000867128
200000,8,3.142680000,0.000965834
300000,8,3.140213333,0.000654936
100000,8,3.144840000,0.000487089
200000,8,3.142680000,0.000515938
300000,8,3.140213333,0.000659943
