N,num_procesos,pi_est,real_time
1000000,4,3.142391171,0.020262546
