N,num_procesos,pi_est,real_time
1000000,2,3.144377225,0.025173620
