N,pi_est,user_time
100000,3.137697871,0.004829000
100000,3.144555203,0.004925000
200000,3.142875102,0.008820000
300000,3.142035725,0.012888000
100000,3.144555203,0.004497000
200000,3.142875102,0.008908000
300000,3.142035725,0.012375000
100000,3.144555203,0.003917000
200000,3.142875102,0.009134000
300000,3.142035725,0.012841000
10000,3.130870382,0.000503000
10000,3.141690229,0.000599000
100000,3.146237100,0.005511000
