N,pi_est,user_time
400000,3.138153275,0.042273000
600000,3.138633439,0.057606000
