N,pi_est,user_time
100000,3.152240000,0.001416000
100000,3.132120000,0.001127000
200000,3.140580000,0.002743000
300000,3.142613333,0.003671000
100000,3.144480000,0.001156000
200000,3.142760000,0.002407000
300000,3.142613333,0.004019000
100000,3.144480000,0.001681000
200000,3.142760000,0.002267000
300000,3.142613333,0.003886000
10000,3.145600000,0.000000000
100000,3.139960000,0.001459000
10000,3.134000000,0.000000000
100000,3.136600000,0.001779000
