N,pi_est,user_time
400000,3.139600000,0.002518000
600000,3.138800000,0.003775000
