N,pi_est,user_time
100000,3.145040000,0.004919000
200000,3.144440000,0.008291000
300000,3.142600000,0.014513000
100000,3.145040000,0.005034000
200000,3.144440000,0.009381000
300000,3.142600000,0.015795000
100000,3.145040000,0.005260000
200000,3.144440000,0.009844000
300000,3.142600000,0.014368000
