N,pi_est,user_time
1000000,3.143544000,0.047833000
1000000,3.142360000,0.054144000
