N,num_procesos,pi_est,real_time
100000,2,3.122658006,0.001915787
200000,2,3.139865300,0.003024310
300000,2,3.136697267,0.004391912
100000,2,3.122658006,0.002003312
200000,2,3.139865300,0.003059667
300000,2,3.136697267,0.004751271
100000,2,3.122658006,0.001670053
200000,2,3.139865300,0.003230810
300000,2,3.136697267,0.005163038
