N,num_procesos,pi_est,real_time
400000,4,3.137796326,0.016783909
600000,4,3.142348382,0.020450496
