N,num_procesos,pi_est,real_time
400000,12,3.138830472,0.017588046
600000,12,3.139126067,0.016400781
