N,num_procesos,pi_est,real_time
400000,8,3.140210394,0.011128580
600000,8,3.142496504,0.013423578
