N,num_procesos,pi_est,real_time
100000,12,3.126465531,0.001290888
200000,12,3.131899967,0.005618688
300000,12,3.137779916,0.002758248
100000,12,3.126465531,0.002086860
200000,12,3.131899967,0.002405101
300000,12,3.137779916,0.003126924
100000,12,3.126465531,0.001443075
200000,12,3.131899967,0.003528973
300000,12,3.137779916,0.005526995
