N,num_procesos,pi_est,real_time
400000,2,3.138239448,0.012771884
600000,2,3.133551986,0.017216405
