N,num_procesos,pi_est,real_time
100000,4,3.124218945,0.001163216
200000,4,3.121878122,0.001943540
300000,4,3.125162769,0.003163733
100000,4,3.124218945,0.001505983
200000,4,3.121878122,0.002234288
300000,4,3.125162769,0.004157158
100000,4,3.124218945,0.001596505
200000,4,3.121878122,0.001981020
300000,4,3.125162769,0.003392686
10000,4,3.201024328,0.000646190
10000,4,3.182686187,0.003361791
100000,4,3.135582591,0.001259265
