N,num_threads,pi_est,real_time
1000000,2,3.141389217,0.039214134
1000000,2,3.141739581,0.037036896
