N,num_threads,pi_est,real_time
1000000,4,3.136266056,0.022256851
1000000,4,3.142929430,0.043795109
1000000,4,3.143823644,0.034144878
1000000,4,3.141867903,0.034461975
