N,pi_est,user_time
1000000,3.140289283,0.073789000
1000000,3.138229599,0.086039000
