tamaño,tiempo
911,0.198083
1229,0.481817
1658,1.170406
2039,2.178072
3023,7.106039
4081,17.395054
911,0.198094
1229,0.480073
1658,1.181254
2039,2.207639
