size,user_time,threads
3000,8.651554000,4
100,0.000000000,4
