N,num_procesos,pi_est,real_time
1000000,2,3.146192000,0.011839108
