N,num_procesos,pi_est,real_time
1000000,4,3.141304000,0.005705626
