matrix_size,num_threads,user_time,system_time
1000,1,26.141770000,0.214533000
1000,3,30.349172000,0.289612000
1000,3,29.097075000,0.346204000
1000,2,24.676957000,0.278555000
