size,user_time
500,0.664672000
675,1.551812000
911,3.779860000
1229,9.330546000
1658,22.872746000
500,0.624024000
675,1.575993000
911,3.776302000
1229,9.294356000
1658,22.820343000
500,0.673754000
675,1.549863000
911,3.766666000
1229,9.323930000
1658,22.759863000
500,0.624114000
675,1.708693000
911,3.765317000
1229,9.310062000
1658,22.765508000
1600,15.217907000
