N,num_threads,pi_est,real_time
400000,2,3.134747104,0.042319059
600000,2,3.136746462,0.023194075
