N,num_threads,pi_est,real_time
400000,4,3.141949344,0.030112028
600000,4,3.139134279,0.034271955
