N,num_threads,pi_est,real_time
100000,2,3.145643284,0.002647877
200000,2,3.146657856,0.004823923
300000,2,3.144769462,0.006716013
100000,2,3.145643284,0.002597094
200000,2,3.146657856,0.004311085
300000,2,3.144769462,0.006614923
100000,2,3.145643284,0.002321959
200000,2,3.146657856,0.004067898
300000,2,3.144769462,0.006911993
