N,num_threads,pi_est,real_time
100000,8,3.143764343,0.000891924
200000,8,3.142554111,0.001402140
300000,8,3.141937004,0.002258062
100000,8,3.143764343,0.001259089
200000,8,3.142554111,0.001821995
300000,8,3.141937004,0.003091097
100000,8,3.143764343,0.000880957
200000,8,3.142554111,0.002419949
300000,8,3.141937004,0.002263069
