N,num_threads,pi_est,real_time
100000,4,3.144159723,0.002609968
200000,4,3.138165585,0.002795935
300000,4,3.136959659,0.003273964
100000,4,3.144159723,0.001750946
200000,4,3.138165585,0.002263069
300000,4,3.136959659,0.003251076
100000,4,3.144159723,0.001240015
200000,4,3.138165585,0.002444983
300000,4,3.136959659,0.003378868
10000,4,3.146138115,0.000267982
10000,4,3.130870382,0.000380039
100000,4,3.134845374,0.001307964
