N,num_threads,pi_est,real_time
400000,12,3.142418327,0.017292023
600000,12,3.143616102,0.026476860
