N,num_threads,pi_est,real_time
100000,12,3.143369063,0.001031160
200000,12,3.142702253,0.001139879
300000,12,3.141229687,0.002774954
100000,12,3.143369063,0.000923872
200000,12,3.142702253,0.001686096
300000,12,3.141229687,0.002470016
100000,12,3.143369063,0.001461029
200000,12,3.142702253,0.001311064
300000,12,3.141229687,0.002503872
