N,num_threads,pi_est,real_time
400000,8,3.143962021,0.014922142
600000,8,3.144118533,0.021246910
