N,num_threads,pi_est,real_time
1000000,4,3.142524000,0.007256985
