N,num_threads,pi_est,real_time
1000000,2,3.143136000,0.012129068
