N,num_procesos,pi_est,real_time
100000,4,3.139680000,0.000871996
200000,4,3.138520000,0.001052717
300000,4,3.136760000,0.001413569
100000,4,3.139680000,0.000941658
200000,4,3.138520000,0.000937210
300000,4,3.136760000,0.001365729
100000,4,3.139680000,0.001109645
200000,4,3.138520000,0.001037730
300000,4,3.136760000,0.001382801
10000,4,3.141600000,0.000511305
10000,4,3.130800000,0.000771445
100000,4,3.148680000,0.000823624
