N,num_procesos,pi_est,real_time
400000,2,3.142020000,0.009600414
600000,2,3.143946667,0.016020954
