N,num_procesos,pi_est,real_time
100000,12,3.137485499,0.001220614
200000,12,3.137925517,0.001631851
300000,12,3.139373333,0.001671977
100000,12,3.137485499,0.001343577
200000,12,3.137925517,0.001742209
300000,12,3.139373333,0.001642381
100000,12,3.137485499,0.001322196
200000,12,3.137925517,0.001225254
300000,12,3.139373333,0.001607805
