N,num_procesos,pi_est,real_time
400000,4,3.139860000,0.015801701
600000,4,3.148366667,0.014609365
