N,num_procesos,pi_est,real_time
100000,2,3.138800000,0.001291809
200000,2,3.137420000,0.001421204
300000,2,3.139346667,0.001884287
100000,2,3.138800000,0.000773601
200000,2,3.137420000,0.001323458
300000,2,3.139346667,0.001912190
100000,2,3.138800000,0.000834896
200000,2,3.137420000,0.001384003
300000,2,3.139346667,0.002504419
