N,num_procesos,pi_est,real_time
100000,10,3.143040000,0.001237143
