N,num_procesos,pi_est,real_time
400000,8,3.142840000,0.017290282
600000,8,3.141200000,0.015625040
