N,num_procesos,pi_est,real_time
100000,8,3.144840000,0.001314672
200000,8,3.142680000,0.001184667
300000,8,3.140213333,0.001301968
100000,8,3.144840000,0.000906151
200000,8,3.142680000,0.003794004
300000,8,3.140213333,0.001516443
100000,8,3.144840000,0.001624367
200000,8,3.142680000,0.001465898
300000,8,3.140213333,0.001302829
