N,num_procesos,pi_est,real_time
400000,12,3.142291423,0.007550584
600000,12,3.141253333,0.006373458
